tipoUsuario,comunidadAutonoma,tipoCompra,importe,anyo
empresa,,servicio,403,2006.0
administracion,Catalunya,servicio,305,2003.0
particular,Andalucia,producto virtual,319,2018.0
empresa,Madrid,,366,2000.0
empresa,Pais Vasco,producto virtual,211,2023.0
administracion,Madrid,servicio,406,2002.0
particular,,suscripcion,,2012.0
,,suscripcion,109,2014.0
empresa,Cantabria,producto fisico,76,2001.0
autonomo,Canarias,producto virtual,30,2010.0
empresa,Navarra,suscripcion,314,2003.0
empresa,Aragon,producto virtual,486,2018.0
empresa,Comunidad Valenciana,servicio,,2016.0
empresa,Madrid,suscripcion,415,2002.0
administracion,Canarias,producto fisico,356,2017.0
particular,Andalucia,servicio,192,2007.0
administracion,,producto fisico,19,2021.0
,Navarra,servicio,432,2024.0
administracion,La Rioja,suscripcion,173,2023.0
empresa,Extremadura,,228,2018.0
autonomo,La Rioja,producto fisico,,2004.0
particular,Madrid,servicio,183,2006.0
autonomo,Andalucia,producto fisico,113,2020.0
,Aragon,servicio,183,2007.0
administracion,Catalunya,servicio,481,
autonomo,Asturias,servicio,146,2016.0
autonomo,Andalucia,servicio,319,2004.0
autonomo,Pais Vasco,suscripcion,116,2003.0
administracion,Cantabria,servicio,113,2021.0
administracion,La Rioja,producto virtual,251,2018.0
particular,Canarias,producto fisico,476,2020.0
particular,Canarias,producto virtual,251,2001.0
administracion,Cantabria,suscripcion,303,2010.0
,Asturias,producto virtual,131.89016076083533,2021.0
autonomo,Canarias,producto fisico,313,2012.0
particular,Canarias,producto virtual,118,2014.0
administracion,Comunidad Valenciana,suscripcion,301,2011.0
particular,Comunidad Valenciana,servicio,161,2021.0
particular,La Rioja,producto virtual,401,2020.0
empresa,Murcia,suscripcion,198,2021.0
,Catalunya,suscripcion,,2010.0
empresa,,producto fisico,148,2006.0
autonomo,Andalucia,producto fisico,240,2004.0
administracion,Madrid,producto virtual,,2016.0
,Madrid,servicio,475,2023.0
administracion,,suscripcion,399,2019.0
administracion,Andalucia,producto virtual,198,
empresa,,suscripcion,47,2013.0
autonomo,Castilla La Mancha,suscripcion,78,
autonomo,Aragon,servicio,124,2005.0
empresa,Castilla La Mancha,servicio,75,2016.0
autonomo,Castilla y Leon,producto virtual,359,2018.0
empresa,Aragon,servicio,137,2018.0
administracion,Asturias,servicio,90,2015.0
empresa,Galicia,producto virtual,400,2011.0
administracion,Andalucia,servicio,325,2011.0
administracion,Galicia,producto fisico,500,2019.0
particular,Canarias,suscripcion,,2005.0
empresa,La Rioja,suscripcion,238.1732398378046,2022.0
particular,Pais Vasco,suscripcion,50,2003.0
empresa,Navarra,suscripcion,259,2005.0
empresa,Navarra,producto virtual,461,2010.0
particular,Canarias,,107,2000.0
particular,Murcia,suscripcion,113,2023.0
empresa,Aragon,,350,2022.0
autonomo,Extremadura,suscripcion,254,2014.0
administracion,,,118,
,Cantabria,suscripcion,493,2024.0
administracion,,producto fisico,198,2018.0
autonomo,,producto virtual,337,2017.0
autonomo,Aragon,servicio,365,2016.0
autonomo,Navarra,suscripcion,51,2018.0
particular,Aragon,servicio,245,2020.0
autonomo,Cantabria,servicio,403,2013.0
particular,Andalucia,,426,2017.0
,Navarra,servicio,35,2018.0
administracion,,producto fisico,302,2014.0
,La Rioja,,410,2014.0
empresa,Canarias,servicio,499,2003.0
administracion,Baleares,servicio,69,
empresa,,suscripcion,349,
administracion,La Rioja,suscripcion,320,2002.0
particular,Comunidad Valenciana,producto fisico,421,2015.0
administracion,La Rioja,producto fisico,468,2008.0
empresa,Canarias,suscripcion,49,2007.0
empresa,Aragon,producto fisico,405,2019.0
autonomo,Cantabria,suscripcion,74,2012.0
particular,Aragon,,192,
administracion,Madrid,servicio,10.012049660220303,2016.0
,Extremadura,servicio,356,2016.0
,Extremadura,producto fisico,70,2000.0
administracion,Pais Vasco,suscripcion,90,
autonomo,Extremadura,,186.9299466849628,2018.0
autonomo,Navarra,producto fisico,126,2005.0
autonomo,,suscripcion,231,2002.0
autonomo,Extremadura,producto virtual,295,2004.0
autonomo,Pais Vasco,servicio,498,2012.0
administracion,,producto fisico,419,2014.0
autonomo,,producto fisico,169.7318542534204,2013.0
particular,Castilla La Mancha,suscripcion,280,2022.0
empresa,Baleares,producto fisico,313,2015.0
autonomo,Asturias,producto virtual,100,2017.0
autonomo,Asturias,suscripcion,326,2021.0
administracion,Canarias,suscripcion,297,2021.0
autonomo,Comunidad Valenciana,suscripcion,182,2010.0
autonomo,Cantabria,suscripcion,174,2002.0
autonomo,Andalucia,producto virtual,316,2021.0
administracion,,suscripcion,364,2009.0
autonomo,Catalunya,producto fisico,188,
empresa,Galicia,producto virtual,57,2020.0
administracion,Murcia,servicio,31,2015.0
empresa,Aragon,servicio,,2011.0
administracion,La Rioja,producto fisico,193.69180337831676,2001.0
autonomo,Murcia,producto fisico,473,2008.0
empresa,,producto virtual,36,2023.0
administracion,Catalunya,servicio,213,2002.0
particular,Navarra,servicio,414,2023.0
autonomo,Navarra,servicio,408,2024.0
administracion,Extremadura,servicio,364,2014.0
,Pais Vasco,servicio,106,2002.0
administracion,La Rioja,suscripcion,414,2018.0
particular,Baleares,,342,2017.0
autonomo,Andalucia,suscripcion,,2007.0
empresa,Castilla La Mancha,servicio,391,2016.0
particular,La Rioja,producto virtual,163,2007.0
administracion,Asturias,producto virtual,439,2006.0
autonomo,Navarra,servicio,220,2006.0
,Navarra,servicio,270,2002.0
administracion,Murcia,producto virtual,120,2000.0
administracion,Murcia,suscripcion,394,2003.0
,,suscripcion,336,2024.0
particular,Madrid,servicio,157.06760298348615,2004.0
particular,Murcia,suscripcion,265.70612041169835,2000.0
particular,Castilla y Leon,producto virtual,479,2014.0
empresa,Asturias,suscripcion,106,2004.0
particular,Navarra,servicio,217,2012.0
particular,Murcia,producto virtual,205,2007.0
particular,Extremadura,,68.11056314125565,
empresa,Navarra,producto fisico,44,2004.0
particular,Madrid,producto virtual,,2008.0
administracion,,,301,
particular,Asturias,producto fisico,228,2003.0
administracion,Navarra,producto fisico,184,2002.0
administracion,Canarias,producto virtual,107,2001.0
,Comunidad Valenciana,producto fisico,84,2007.0
,Castilla y Leon,servicio,338,2022.0
empresa,La Rioja,servicio,250,
empresa,Castilla y Leon,servicio,,2001.0
particular,Galicia,producto virtual,441,2013.0
administracion,La Rioja,producto fisico,21,2013.0
empresa,Madrid,,196,
empresa,Baleares,suscripcion,178,2005.0
particular,Comunidad Valenciana,suscripcion,417,2010.0
empresa,Asturias,producto fisico,475,
particular,Catalunya,producto fisico,7,2007.0
,Madrid,producto fisico,70,2002.0
empresa,Navarra,producto virtual,127,2013.0
autonomo,Baleares,producto fisico,,2012.0
particular,Navarra,suscripcion,466,
administracion,Aragon,producto virtual,160,2001.0
,Navarra,producto fisico,248,2012.0
,Castilla La Mancha,,203,2018.0
administracion,Castilla La Mancha,producto virtual,,2005.0
administracion,La Rioja,producto fisico,472,2015.0
autonomo,Galicia,producto fisico,143,2001.0
particular,Comunidad Valenciana,producto fisico,432,2007.0
administracion,Catalunya,producto virtual,199,2016.0
empresa,Canarias,suscripcion,405,2022.0
empresa,Cantabria,suscripcion,426,2001.0
autonomo,Aragon,,154,2009.0
administracion,Madrid,producto fisico,260.57128493046446,2015.0
particular,Cantabria,servicio,376,2005.0
empresa,,servicio,384,
administracion,Andalucia,suscripcion,142,2001.0
administracion,Cantabria,,313,2012.0
autonomo,,producto virtual,165,2023.0
empresa,Pais Vasco,suscripcion,314,2014.0
empresa,,,21,2001.0
particular,Extremadura,servicio,82,
empresa,Catalunya,producto fisico,69,2002.0
,,suscripcion,395.5108794201079,2007.0
empresa,Castilla La Mancha,producto fisico,87,2022.0
autonomo,Canarias,producto virtual,218,2013.0
empresa,Baleares,producto fisico,421,2023.0
particular,Cantabria,producto virtual,472,2022.0
particular,Aragon,producto virtual,305,2021.0
autonomo,Extremadura,servicio,241.8814653509149,2006.0
empresa,Baleares,producto virtual,371,2020.0
empresa,Navarra,,345,2006.0
,,servicio,,2000.0
empresa,La Rioja,servicio,214.5294304037049,2016.0
empresa,Cantabria,suscripcion,396,2008.0
particular,Aragon,suscripcion,445,2020.0
,Navarra,producto virtual,425,
empresa,Extremadura,servicio,161,2020.0
autonomo,Castilla La Mancha,suscripcion,178,2018.0
autonomo,,servicio,,2020.0
administracion,Galicia,producto fisico,196,2018.0
,,producto fisico,383,
empresa,Cantabria,producto fisico,490,2024.0
empresa,Baleares,producto virtual,327,2021.0
administracion,Andalucia,servicio,86,2016.0
empresa,,producto fisico,289,2022.0
particular,Galicia,suscripcion,81,2022.0
administracion,Navarra,producto fisico,152,2009.0
particular,,producto fisico,61,2009.0
administracion,Murcia,producto fisico,61,2003.0
administracion,Cantabria,producto virtual,160.7729234826236,2007.0
autonomo,Canarias,suscripcion,28,2021.0
particular,,servicio,442,2019.0
empresa,,suscripcion,43,2019.0
empresa,Madrid,servicio,169,2017.0
particular,Extremadura,producto virtual,423,2013.0
empresa,Asturias,,86,2017.0
empresa,,producto virtual,177,2013.0
particular,Cantabria,producto virtual,17,2019.0
administracion,Comunidad Valenciana,servicio,98,2020.0
,Canarias,producto fisico,454,
,Comunidad Valenciana,servicio,494,2014.0
empresa,Galicia,suscripcion,198,2021.0
empresa,Aragon,producto virtual,98,2003.0
empresa,Madrid,producto virtual,65,
autonomo,Castilla La Mancha,suscripcion,330,2022.0
administracion,Aragon,servicio,341,2007.0
autonomo,Andalucia,producto fisico,5,2017.0
autonomo,Canarias,producto fisico,,
particular,Catalunya,suscripcion,22,2022.0
autonomo,La Rioja,producto fisico,112,2013.0
particular,Catalunya,,57,2001.0
particular,Extremadura,servicio,66,2017.0
autonomo,Navarra,suscripcion,330,2023.0
administracion,Cantabria,servicio,98,2001.0
administracion,Asturias,producto virtual,144,2010.0
administracion,La Rioja,suscripcion,,2008.0
,Canarias,servicio,435,2011.0
administracion,Galicia,suscripcion,,2016.0
autonomo,Murcia,producto fisico,167,2014.0
autonomo,Extremadura,servicio,86,2024.0
empresa,Catalunya,producto virtual,76,2016.0
administracion,,servicio,344,2017.0
,Galicia,,495,2021.0
empresa,Asturias,suscripcion,424,2005.0
administracion,Asturias,servicio,294,2016.0
particular,Andalucia,producto virtual,444,2022.0
empresa,Castilla La Mancha,producto virtual,59,2023.0
autonomo,Castilla La Mancha,producto virtual,138,2017.0
particular,Extremadura,suscripcion,99,2007.0
particular,Catalunya,,192,2008.0
particular,Canarias,producto fisico,243,
empresa,Murcia,suscripcion,319,
autonomo,Asturias,producto virtual,49,2011.0
particular,Canarias,servicio,448,2024.0
administracion,Canarias,,115.62145536570505,2010.0
particular,Murcia,,391,2024.0
particular,Baleares,,277,
empresa,Madrid,producto virtual,20,2010.0
empresa,Comunidad Valenciana,producto fisico,,2018.0
autonomo,Castilla La Mancha,servicio,383,2008.0
administracion,Castilla La Mancha,suscripcion,68,2001.0
,,servicio,366,2011.0
particular,Castilla La Mancha,producto fisico,372,2003.0
autonomo,Murcia,producto virtual,214,2003.0
particular,Cantabria,servicio,143,2017.0
particular,Andalucia,suscripcion,376,
empresa,Navarra,,120.6148300429799,
autonomo,Andalucia,servicio,124.53468956275054,2012.0
administracion,La Rioja,suscripcion,79,
administracion,,producto fisico,214,2016.0
empresa,Navarra,suscripcion,,2005.0
empresa,Aragon,producto fisico,92,2015.0
autonomo,Murcia,producto virtual,270,2023.0
administracion,Castilla La Mancha,servicio,411,2011.0
administracion,Castilla La Mancha,,381,2018.0
administracion,Castilla y Leon,producto fisico,489,
particular,Cantabria,suscripcion,168,2016.0
administracion,Cantabria,suscripcion,,2022.0
particular,Asturias,,284,2000.0
autonomo,Castilla y Leon,producto virtual,26,2024.0
particular,Castilla La Mancha,suscripcion,369,2023.0
autonomo,Comunidad Valenciana,producto fisico,447,2022.0
,Navarra,producto fisico,66,
administracion,Navarra,producto virtual,409,2014.0
autonomo,Andalucia,producto fisico,248,2022.0
,Castilla y Leon,producto virtual,254,2020.0
autonomo,Baleares,,387,2020.0
empresa,Cantabria,,,2010.0
particular,Andalucia,suscripcion,44,2012.0
particular,Canarias,servicio,97,2004.0
particular,Andalucia,suscripcion,42,2000.0
administracion,Baleares,suscripcion,500,2023.0
particular,Aragon,,227,2011.0
empresa,Comunidad Valenciana,servicio,262,
particular,Canarias,suscripcion,167,2016.0
autonomo,Comunidad Valenciana,servicio,436,2003.0
autonomo,Andalucia,producto virtual,279,
administracion,Cantabria,producto fisico,89,2024.0
,Madrid,,379,
empresa,Navarra,suscripcion,178,
particular,Baleares,servicio,427,2019.0
,Madrid,producto fisico,403,2018.0
particular,Navarra,,197,2018.0
particular,Castilla La Mancha,servicio,307,2011.0
empresa,Canarias,suscripcion,267,
autonomo,Navarra,producto fisico,268,2009.0
autonomo,Baleares,suscripcion,74,2016.0
,Galicia,suscripcion,8,2004.0
,Madrid,producto fisico,57.617633661580435,2021.0
autonomo,Aragon,producto fisico,476,
administracion,Baleares,,297,2006.0
autonomo,Baleares,,164,
administracion,,servicio,485,2002.0
empresa,Canarias,producto fisico,85,2014.0
administracion,,producto virtual,72,2015.0
empresa,Comunidad Valenciana,servicio,55,
empresa,Castilla La Mancha,servicio,393,2013.0
administracion,Cantabria,servicio,47,2002.0
empresa,Cantabria,producto virtual,399,2011.0
particular,Castilla La Mancha,producto fisico,381.73347520855737,2008.0
empresa,Navarra,,238,2006.0
autonomo,Murcia,servicio,104,2008.0
administracion,Extremadura,producto virtual,210,2012.0
,Galicia,producto virtual,42,2017.0
administracion,,suscripcion,316,
autonomo,Castilla La Mancha,suscripcion,468,2012.0
autonomo,Andalucia,producto virtual,454,2003.0
autonomo,Navarra,producto fisico,,2001.0
empresa,Castilla La Mancha,suscripcion,386,2015.0
,Extremadura,producto virtual,263,2008.0
administracion,Galicia,suscripcion,336,2008.0
administracion,Galicia,producto fisico,387,2005.0
particular,Baleares,servicio,,2010.0
particular,Pais Vasco,suscripcion,259,2021.0
administracion,Baleares,producto fisico,283,
empresa,Canarias,producto virtual,114,2021.0
autonomo,Canarias,,363,
administracion,Castilla La Mancha,suscripcion,40,2003.0
particular,Comunidad Valenciana,producto virtual,486,2012.0
empresa,La Rioja,servicio,417,
administracion,,producto virtual,220,2012.0
administracion,Murcia,suscripcion,,2012.0
empresa,Castilla La Mancha,producto virtual,8,2001.0
administracion,Catalunya,producto fisico,224.52387646364394,2008.0
empresa,Extremadura,producto virtual,416,2023.0
autonomo,Andalucia,,380,
empresa,Murcia,producto virtual,176,2006.0
empresa,Canarias,servicio,107,2003.0
empresa,Murcia,,101,2017.0
administracion,Baleares,servicio,260,2002.0
administracion,Andalucia,producto fisico,478,2005.0
empresa,Castilla La Mancha,servicio,454,2011.0
administracion,Navarra,producto virtual,366,2011.0
particular,Navarra,suscripcion,246,2020.0
particular,Catalunya,servicio,275,2007.0
administracion,Catalunya,producto fisico,32,2021.0
administracion,Comunidad Valenciana,servicio,137,2021.0
empresa,Catalunya,servicio,12,2000.0
autonomo,Asturias,servicio,395,2003.0
administracion,Extremadura,producto fisico,302,2020.0
particular,Cantabria,producto virtual,375,2010.0
empresa,Aragon,servicio,16,2002.0
administracion,Castilla y Leon,servicio,129,
particular,Aragon,suscripcion,63,
particular,La Rioja,producto fisico,109,2016.0
autonomo,Extremadura,servicio,375,2021.0
empresa,Galicia,producto fisico,21,2021.0
empresa,Castilla y Leon,,283.9972250586541,2009.0
autonomo,Cantabria,producto virtual,393.45503411365706,2020.0
,Andalucia,producto virtual,162,
empresa,La Rioja,servicio,260,
empresa,Extremadura,producto virtual,412,2020.0
administracion,La Rioja,servicio,102,2009.0
administracion,Castilla y Leon,producto virtual,223,2013.0
autonomo,La Rioja,suscripcion,59,
administracion,Catalunya,,,2004.0
particular,La Rioja,suscripcion,128,2005.0
administracion,Castilla La Mancha,producto fisico,339.90001452603485,
administracion,La Rioja,producto fisico,325,2001.0
particular,Castilla y Leon,suscripcion,455.4108649014382,2021.0
autonomo,Andalucia,producto fisico,131,
,Madrid,producto virtual,353,2003.0
administracion,La Rioja,servicio,196,2013.0
autonomo,Madrid,servicio,281,2009.0
administracion,Pais Vasco,servicio,404,2002.0
particular,Castilla La Mancha,suscripcion,418,2024.0
particular,,producto fisico,154,2002.0
administracion,Murcia,producto virtual,382,2014.0
empresa,Navarra,producto virtual,133,2005.0
empresa,Aragon,suscripcion,227,2016.0
particular,,producto virtual,189,2011.0
particular,Cantabria,producto virtual,,2021.0
empresa,Baleares,producto virtual,477,2019.0
empresa,Andalucia,producto virtual,265,2023.0
,Castilla La Mancha,producto fisico,372,2010.0
administracion,Castilla y Leon,producto virtual,486,2024.0
empresa,Asturias,servicio,434,2003.0
,Comunidad Valenciana,suscripcion,134,2005.0
administracion,Comunidad Valenciana,producto fisico,211,
,Murcia,,60,2019.0
administracion,Aragon,producto fisico,428,2022.0
particular,Andalucia,producto virtual,377,2015.0
administracion,Castilla y Leon,servicio,395,2014.0
administracion,Castilla La Mancha,suscripcion,450,2016.0
empresa,Andalucia,producto virtual,431,2007.0
particular,Asturias,producto virtual,364,2011.0
administracion,Castilla La Mancha,producto virtual,364,2021.0
administracion,Navarra,producto virtual,457,2020.0
autonomo,Canarias,suscripcion,213,2009.0
administracion,,suscripcion,216,2014.0
administracion,Andalucia,,226,2008.0
autonomo,Navarra,suscripcion,470,2001.0
empresa,Castilla La Mancha,producto virtual,280.94241137104547,2004.0
administracion,Aragon,,76,2005.0
autonomo,Asturias,servicio,476,2006.0
particular,Murcia,servicio,286,2020.0
empresa,Murcia,producto virtual,474,2024.0
particular,Extremadura,producto fisico,496,2000.0
particular,Pais Vasco,producto virtual,277,2022.0
autonomo,Baleares,suscripcion,156,
administracion,Canarias,,248,2019.0
autonomo,Murcia,producto virtual,218,2024.0
autonomo,Pais Vasco,producto virtual,,2011.0
autonomo,Castilla y Leon,servicio,417,2015.0
,Comunidad Valenciana,producto virtual,469,2015.0
empresa,Castilla y Leon,servicio,,2010.0
administracion,Andalucia,suscripcion,180,2020.0
particular,Pais Vasco,servicio,34,2003.0
particular,Baleares,producto virtual,41,2012.0
administracion,Aragon,suscripcion,307,2006.0
particular,Andalucia,producto fisico,431,
administracion,Navarra,,338,2014.0
particular,Canarias,suscripcion,314,2018.0
autonomo,Extremadura,servicio,75,2008.0
particular,Comunidad Valenciana,suscripcion,441,2010.0
administracion,Aragon,suscripcion,279,2007.0
administracion,Asturias,servicio,,2000.0
administracion,Galicia,producto fisico,,2022.0
administracion,Canarias,suscripcion,150,2024.0
administracion,Canarias,suscripcion,273,2023.0
empresa,,,325,2007.0
,Catalunya,producto fisico,313.7026609065792,2012.0
particular,Aragon,producto fisico,139,2021.0
administracion,Galicia,producto virtual,,
,Asturias,servicio,208.47138247720542,2007.0
administracion,Galicia,producto fisico,347,2002.0
administracion,La Rioja,servicio,419,2008.0
empresa,Comunidad Valenciana,producto virtual,,2001.0
,Murcia,servicio,212,2001.0
autonomo,La Rioja,producto fisico,381,2012.0
empresa,La Rioja,servicio,272,2014.0
,,producto fisico,418,2022.0
autonomo,Catalunya,servicio,66,2011.0
autonomo,Castilla La Mancha,producto fisico,483,2003.0
autonomo,Aragon,,424,2007.0
autonomo,Madrid,servicio,481.1880738070077,2008.0
particular,,,156,
empresa,,suscripcion,47,2004.0
,Extremadura,producto virtual,423,2023.0
,Murcia,,454,
empresa,Baleares,producto virtual,201,2017.0
empresa,Madrid,producto fisico,148,2010.0
autonomo,Aragon,suscripcion,,2014.0
particular,Canarias,servicio,1,2021.0
autonomo,Extremadura,servicio,456,2008.0
particular,Cantabria,servicio,247,2016.0
administracion,Comunidad Valenciana,suscripcion,343,2011.0
empresa,Baleares,producto fisico,128,2006.0
administracion,Catalunya,servicio,,2009.0
particular,,producto virtual,67,2024.0
particular,Aragon,servicio,4,
administracion,La Rioja,servicio,,2009.0
particular,Canarias,servicio,409,2012.0
administracion,Cantabria,servicio,303,2018.0
,Galicia,producto fisico,294,2010.0
,Comunidad Valenciana,producto virtual,143,2012.0
,Cantabria,producto fisico,191,2020.0
administracion,Castilla La Mancha,producto virtual,21,2007.0
particular,Aragon,,227,
administracion,Galicia,suscripcion,313,2003.0
particular,Madrid,producto fisico,117,2014.0
administracion,Castilla y Leon,suscripcion,437,2010.0
administracion,,producto fisico,302,2010.0
autonomo,Madrid,servicio,500,
particular,La Rioja,producto fisico,142,2016.0
autonomo,Murcia,,484,2014.0
particular,Aragon,producto fisico,,2019.0
autonomo,Extremadura,servicio,401,2005.0
empresa,Andalucia,servicio,39,2023.0
,Baleares,producto virtual,393,2021.0
particular,Extremadura,,355,2024.0
particular,Castilla La Mancha,producto virtual,252,2014.0
administracion,Extremadura,servicio,333,2008.0
particular,Baleares,suscripcion,207,2013.0
particular,La Rioja,servicio,210,2017.0
autonomo,Castilla y Leon,suscripcion,115,2016.0
particular,Castilla La Mancha,suscripcion,225,2017.0
empresa,Asturias,servicio,134,2004.0
empresa,Aragon,,251,2019.0
administracion,,,219,2019.0
particular,Canarias,producto fisico,407,2008.0
administracion,Andalucia,,,2010.0
empresa,Baleares,suscripcion,91,2023.0
particular,Navarra,servicio,354,2021.0
particular,Asturias,producto virtual,376,2000.0
administracion,,servicio,46,2017.0
,La Rioja,servicio,38,2005.0
particular,Madrid,suscripcion,142,2001.0
administracion,Extremadura,producto virtual,100,2014.0
empresa,Aragon,producto fisico,,2020.0
administracion,Catalunya,producto fisico,190,2013.0
autonomo,Aragon,suscripcion,35,2004.0
particular,Catalunya,servicio,147,2005.0
autonomo,Catalunya,suscripcion,30,2005.0
empresa,Castilla La Mancha,suscripcion,334,2021.0
autonomo,La Rioja,suscripcion,84,2017.0
autonomo,Andalucia,servicio,369,
empresa,Extremadura,producto virtual,281,2009.0
administracion,,suscripcion,424,2013.0
autonomo,Comunidad Valenciana,servicio,,2012.0
,Castilla y Leon,producto virtual,270,2002.0
autonomo,Asturias,,154,
administracion,Asturias,producto fisico,102,2007.0
empresa,Canarias,producto virtual,215,2011.0
autonomo,Galicia,suscripcion,150,
empresa,Galicia,,432,2010.0
autonomo,Cantabria,producto virtual,83,2011.0
empresa,Aragon,producto virtual,110,2000.0
empresa,Galicia,,435,2016.0
autonomo,Canarias,producto virtual,387,2015.0
autonomo,Galicia,producto virtual,426,
autonomo,La Rioja,suscripcion,275,2012.0
particular,,,201,2017.0
administracion,Comunidad Valenciana,servicio,284,2010.0
particular,,producto virtual,468,2011.0
particular,Navarra,servicio,173,2005.0
empresa,Galicia,suscripcion,327,
autonomo,,producto virtual,206,2015.0
administracion,Castilla La Mancha,producto fisico,63,2003.0
,La Rioja,servicio,73,2002.0
particular,Canarias,producto virtual,,2015.0
autonomo,Pais Vasco,suscripcion,124,
empresa,Cantabria,producto fisico,,2024.0
,Castilla La Mancha,servicio,121,
empresa,Galicia,servicio,275,
autonomo,Navarra,producto virtual,431,2004.0
particular,,producto fisico,500,2024.0
administracion,Madrid,producto fisico,,
particular,Navarra,producto fisico,120,2018.0
administracion,Comunidad Valenciana,,422,2022.0
autonomo,Pais Vasco,suscripcion,437,2022.0
empresa,,producto fisico,317,2005.0
particular,La Rioja,servicio,164,2021.0
administracion,Castilla y Leon,servicio,,2017.0
particular,Murcia,suscripcion,465,2005.0
administracion,Navarra,servicio,286,2003.0
particular,,servicio,265,2011.0
administracion,Catalunya,producto fisico,320,2018.0
administracion,Pais Vasco,servicio,161,2001.0
autonomo,Castilla La Mancha,suscripcion,,2016.0
administracion,Castilla y Leon,,308,
autonomo,,producto virtual,397.15278751927394,2010.0
administracion,Comunidad Valenciana,producto fisico,142,2020.0
,Castilla y Leon,suscripcion,203,
empresa,La Rioja,producto fisico,309,2001.0
empresa,Murcia,producto fisico,227,2001.0
administracion,Asturias,suscripcion,489,
autonomo,Galicia,producto fisico,443,2007.0
autonomo,,suscripcion,334,2012.0
administracion,Aragon,suscripcion,222,2009.0
empresa,Asturias,producto virtual,,2007.0
empresa,Canarias,,196,2003.0
autonomo,Extremadura,servicio,68,2014.0
,Castilla La Mancha,producto fisico,476,2000.0
particular,Galicia,producto fisico,374.3686245302611,2010.0
autonomo,Castilla y Leon,producto virtual,2,
empresa,Navarra,producto virtual,361,2016.0
autonomo,La Rioja,producto virtual,125,
,Baleares,suscripcion,110,2023.0
autonomo,Madrid,producto virtual,86,2017.0
autonomo,Andalucia,producto virtual,425,2021.0
autonomo,Pais Vasco,producto fisico,120,2021.0
autonomo,Madrid,,,2011.0
particular,Comunidad Valenciana,suscripcion,17.129309397719066,2008.0
administracion,Galicia,suscripcion,183,2004.0
autonomo,Aragon,producto fisico,16,2009.0
,Asturias,producto virtual,477,2003.0
,Comunidad Valenciana,producto virtual,62,2004.0
autonomo,Aragon,suscripcion,369,2009.0
empresa,Madrid,,432,2010.0
administracion,,producto virtual,158,
particular,Asturias,producto virtual,268,
particular,Castilla y Leon,servicio,35,2009.0
administracion,,producto fisico,267,2007.0
particular,La Rioja,servicio,,2001.0
administracion,Galicia,producto fisico,494,2022.0
administracion,Pais Vasco,suscripcion,50,
administracion,Galicia,producto virtual,469,2015.0
particular,Navarra,producto fisico,255,2021.0
empresa,Comunidad Valenciana,servicio,149,2004.0
administracion,Castilla y Leon,producto virtual,325,
autonomo,Canarias,suscripcion,304,2002.0
particular,Andalucia,producto fisico,,2011.0
administracion,La Rioja,producto fisico,357,2012.0
administracion,Asturias,producto fisico,451,2012.0
autonomo,Madrid,producto virtual,172,2009.0
empresa,Murcia,servicio,417,2003.0
empresa,Baleares,servicio,,2008.0
empresa,Canarias,producto fisico,,2021.0
administracion,Pais Vasco,suscripcion,393,2023.0
administracion,Andalucia,suscripcion,324,2022.0
administracion,Murcia,servicio,35,2001.0
particular,Navarra,suscripcion,465,2018.0
autonomo,Catalunya,servicio,482,2000.0
administracion,,,216,2024.0
autonomo,La Rioja,servicio,480,2006.0
autonomo,Baleares,servicio,65,2016.0
empresa,Galicia,,8,2002.0
,Canarias,suscripcion,301,2019.0
administracion,Canarias,servicio,343,2019.0
empresa,,servicio,431,2020.0
empresa,Cantabria,producto fisico,424,2002.0
administracion,,suscripcion,,2002.0
,Murcia,servicio,438,
empresa,Extremadura,producto fisico,,2006.0
autonomo,,servicio,174,2013.0
particular,Aragon,producto virtual,47,2016.0
autonomo,Castilla y Leon,producto fisico,15,2017.0
particular,Baleares,suscripcion,361,
autonomo,Castilla La Mancha,suscripcion,147,2019.0
,Madrid,suscripcion,,2019.0
empresa,Murcia,,308,2020.0
particular,Comunidad Valenciana,servicio,93,2017.0
administracion,Extremadura,servicio,406,2003.0
particular,Aragon,suscripcion,,
particular,Catalunya,suscripcion,21,2017.0
autonomo,,suscripcion,297.88179090162447,2000.0
autonomo,Asturias,servicio,38,2012.0
particular,,suscripcion,456.80890453931937,2019.0
empresa,Canarias,suscripcion,157,2019.0
autonomo,Canarias,producto virtual,179,2022.0
administracion,Navarra,producto virtual,,2009.0
autonomo,La Rioja,suscripcion,311,
autonomo,Catalunya,producto fisico,455,2008.0
administracion,Asturias,suscripcion,348,2008.0
,La Rioja,,28,2004.0
administracion,Comunidad Valenciana,,260,2000.0
particular,Asturias,producto fisico,403.86546497898394,2016.0
particular,La Rioja,suscripcion,76,
particular,Asturias,producto virtual,,2001.0
administracion,Asturias,producto virtual,67,2023.0
particular,Cantabria,producto fisico,342,2012.0
,Madrid,suscripcion,492,2008.0
administracion,Navarra,servicio,194,2003.0
empresa,Catalunya,servicio,472,2004.0
particular,Baleares,,162,2010.0
autonomo,Murcia,servicio,347,2023.0
particular,Canarias,producto virtual,439,2018.0
empresa,Aragon,producto virtual,361,
empresa,Extremadura,producto virtual,257,2002.0
administracion,Catalunya,servicio,72,
autonomo,Asturias,producto virtual,87,2018.0
administracion,Catalunya,producto fisico,422,2018.0
empresa,Asturias,suscripcion,115.94107321907325,2012.0
particular,Aragon,suscripcion,214,2006.0
autonomo,Galicia,producto virtual,153,2014.0
particular,Comunidad Valenciana,,210,2022.0
particular,Catalunya,servicio,401,2006.0
autonomo,Navarra,servicio,61,2007.0
administracion,Castilla La Mancha,suscripcion,268,2004.0
particular,Canarias,servicio,262,2020.0
empresa,Extremadura,suscripcion,218,
particular,Aragon,suscripcion,283,2003.0
autonomo,Navarra,suscripcion,136,2022.0
autonomo,Cantabria,producto virtual,467,2009.0
autonomo,,,,2019.0
administracion,,producto virtual,362,2014.0
particular,Pais Vasco,suscripcion,449,2017.0
administracion,Cantabria,suscripcion,441,2019.0
administracion,Canarias,suscripcion,93,2012.0
autonomo,Pais Vasco,servicio,109,2007.0
autonomo,Madrid,producto virtual,241,2008.0
administracion,Canarias,producto virtual,355,2015.0
particular,,suscripcion,424,2018.0
empresa,La Rioja,suscripcion,142,2015.0
administracion,Castilla La Mancha,servicio,291,
particular,Madrid,servicio,432,2013.0
autonomo,Asturias,servicio,,
autonomo,Castilla La Mancha,producto virtual,340,2024.0
particular,Aragon,producto virtual,312,2003.0
empresa,Castilla La Mancha,producto virtual,,2014.0
autonomo,Madrid,suscripcion,141,2002.0
autonomo,Madrid,producto virtual,492.4902078644604,2004.0
autonomo,Andalucia,producto fisico,15.389327133930967,2000.0
particular,Cantabria,producto fisico,49,2002.0
administracion,Pais Vasco,servicio,302,2014.0
,Castilla La Mancha,producto virtual,,2023.0
administracion,Andalucia,producto fisico,190,2007.0
empresa,Pais Vasco,servicio,136,2003.0
autonomo,Catalunya,producto virtual,43,2001.0
autonomo,Madrid,,404,2023.0
empresa,Extremadura,producto fisico,380,2023.0
autonomo,Madrid,suscripcion,353,2009.0
administracion,Comunidad Valenciana,producto virtual,90,2003.0
particular,Baleares,,295,2002.0
administracion,Cantabria,producto virtual,341,2001.0
particular,Castilla y Leon,suscripcion,245,2024.0
particular,,producto fisico,,2016.0
administracion,Extremadura,suscripcion,192,2022.0
administracion,Madrid,producto virtual,318,2020.0
administracion,Comunidad Valenciana,,106,2023.0
administracion,Comunidad Valenciana,suscripcion,363,2019.0
,Extremadura,producto fisico,310,2022.0
autonomo,Castilla y Leon,suscripcion,382,
particular,Baleares,producto virtual,233,2004.0
administracion,Aragon,suscripcion,265,2020.0
administracion,Murcia,producto virtual,,2008.0
administracion,Madrid,suscripcion,37,2024.0
empresa,,producto fisico,305,2024.0
administracion,Castilla y Leon,producto fisico,,2021.0
administracion,Aragon,suscripcion,17,
administracion,Madrid,suscripcion,,2004.0
autonomo,Murcia,producto fisico,277,2024.0
empresa,La Rioja,producto virtual,307,2009.0
administracion,Catalunya,producto fisico,59,2007.0
particular,,,423,2006.0
particular,Castilla La Mancha,suscripcion,183,2006.0
particular,Aragon,suscripcion,41,2005.0
,Madrid,producto virtual,39,2020.0
empresa,Asturias,suscripcion,397,
particular,Pais Vasco,,192,2002.0
administracion,,,267,2018.0
empresa,Castilla y Leon,producto fisico,494,2021.0
particular,Comunidad Valenciana,servicio,147,2014.0
particular,Catalunya,producto virtual,395,2003.0
administracion,Aragon,producto fisico,333,2011.0
autonomo,Navarra,producto virtual,127,2005.0
,Canarias,producto fisico,,2018.0
administracion,Baleares,producto fisico,45,2003.0
particular,Baleares,producto fisico,,2014.0
particular,Baleares,,168,2008.0
administracion,La Rioja,producto virtual,108,2004.0
empresa,Galicia,producto fisico,19,2012.0
autonomo,La Rioja,producto fisico,332,2022.0
autonomo,Comunidad Valenciana,servicio,72,2017.0
,Andalucia,suscripcion,456,2004.0
empresa,Murcia,suscripcion,445,2024.0
autonomo,,,205.20351461570618,2015.0
empresa,,servicio,268,2018.0
empresa,Baleares,producto virtual,445,2013.0
particular,,producto virtual,240,2024.0
autonomo,Galicia,producto virtual,417,2015.0
administracion,Castilla y Leon,servicio,301,2014.0
particular,Extremadura,servicio,90,2021.0
autonomo,Andalucia,producto fisico,103,2003.0
autonomo,Cantabria,producto virtual,476,2006.0
autonomo,Navarra,producto virtual,250,2015.0
autonomo,Navarra,producto virtual,453,2023.0
autonomo,Extremadura,suscripcion,8,2021.0
empresa,Aragon,producto fisico,153,2020.0
particular,Murcia,producto virtual,347,2021.0
,,,174,2020.0
,Baleares,producto virtual,343,2007.0
autonomo,La Rioja,suscripcion,158,2016.0
particular,Asturias,suscripcion,493,2015.0
autonomo,Madrid,servicio,431,2022.0
particular,Catalunya,producto fisico,215,2009.0
empresa,,,177,2009.0
particular,Navarra,producto fisico,175,
administracion,Extremadura,suscripcion,340,2008.0
administracion,Aragon,producto virtual,338,2016.0
particular,Navarra,servicio,146,
particular,,producto virtual,450,2009.0
particular,Extremadura,servicio,,
particular,Asturias,suscripcion,478,2024.0
administracion,La Rioja,suscripcion,,2016.0
autonomo,Galicia,suscripcion,127,2003.0
particular,Navarra,servicio,420,2015.0
particular,Pais Vasco,producto fisico,82,2019.0
administracion,,servicio,485,2014.0
administracion,Cantabria,producto fisico,147,2024.0
empresa,Canarias,servicio,239,2020.0
particular,Asturias,,412,2004.0
empresa,Andalucia,suscripcion,424,2005.0
administracion,Cantabria,producto virtual,84,2016.0
administracion,Navarra,producto virtual,281.0144221893061,2000.0
autonomo,Aragon,producto fisico,225,2024.0
particular,,producto virtual,332,2018.0
,,servicio,,2003.0
administracion,Galicia,servicio,243,2016.0
administracion,,suscripcion,143,
,Galicia,suscripcion,41,2023.0
autonomo,Pais Vasco,producto virtual,423,2001.0
administracion,Castilla La Mancha,producto fisico,,2007.0
,Murcia,producto virtual,447,2014.0
administracion,La Rioja,producto virtual,285,2006.0
particular,Castilla La Mancha,producto virtual,105,2005.0
empresa,,producto virtual,202,2000.0
particular,Murcia,servicio,450,2014.0
empresa,,,307,2022.0
particular,,servicio,331,2006.0
,Galicia,producto fisico,494.6809782819723,2024.0
,Asturias,suscripcion,266,
autonomo,Murcia,producto virtual,398,
particular,Navarra,servicio,210,2008.0
particular,Murcia,producto fisico,51,2008.0
autonomo,Castilla y Leon,suscripcion,118,2012.0
administracion,La Rioja,suscripcion,201,2005.0
administracion,Galicia,producto virtual,,2005.0
particular,Baleares,producto fisico,39,2019.0
,Catalunya,,28,2019.0
particular,Cantabria,producto virtual,259,2020.0
,Pais Vasco,servicio,84,2002.0
empresa,Aragon,suscripcion,454,
particular,Castilla La Mancha,servicio,155,
administracion,Extremadura,servicio,117,2011.0
administracion,Madrid,producto virtual,2,2015.0
particular,,servicio,93,2014.0
particular,Castilla La Mancha,producto virtual,166,2012.0
empresa,Murcia,suscripcion,387,2022.0
administracion,Navarra,producto virtual,166.17711348795254,2000.0
particular,Cantabria,producto virtual,350,2016.0
empresa,Extremadura,producto fisico,296,2002.0
administracion,Madrid,servicio,258,2014.0
autonomo,Andalucia,suscripcion,81,2003.0
empresa,Cantabria,producto virtual,,2003.0
administracion,Catalunya,suscripcion,268,2017.0
administracion,Castilla La Mancha,producto fisico,,2016.0
empresa,Extremadura,servicio,235,
autonomo,Catalunya,producto virtual,321,2010.0
empresa,La Rioja,servicio,311,2019.0
administracion,,producto fisico,301,2002.0
particular,Murcia,producto fisico,63.595450440809486,2007.0
particular,Navarra,,474,2013.0
empresa,,producto virtual,357,2000.0
administracion,Andalucia,suscripcion,213,2013.0
particular,Comunidad Valenciana,producto fisico,62,2001.0
administracion,Castilla La Mancha,servicio,425.3380827305531,2022.0
empresa,,,127,2003.0
particular,Aragon,suscripcion,223,
,Andalucia,servicio,409,2018.0
particular,,suscripcion,279,2005.0
empresa,Catalunya,servicio,408,2024.0
administracion,Madrid,producto virtual,54.818779016592266,2000.0
particular,Andalucia,servicio,284,2016.0
empresa,Madrid,producto virtual,277,2007.0
,Castilla y Leon,servicio,438,2018.0
particular,Aragon,producto fisico,107,
autonomo,Cantabria,producto fisico,146,2000.0
autonomo,Castilla y Leon,producto virtual,420,2004.0
empresa,Murcia,producto virtual,99,
autonomo,Navarra,producto fisico,,
empresa,Aragon,producto virtual,375,2007.0
autonomo,Comunidad Valenciana,servicio,73,2012.0
particular,Galicia,servicio,437,2015.0
empresa,La Rioja,,486,2002.0
,Castilla La Mancha,suscripcion,122,2018.0
particular,Extremadura,servicio,30,2011.0
empresa,Asturias,producto virtual,188,2015.0
empresa,Cantabria,suscripcion,364,2010.0
autonomo,Catalunya,suscripcion,354,2009.0
empresa,Cantabria,servicio,288,2024.0
administracion,Catalunya,servicio,,2019.0
particular,,suscripcion,195,2003.0
autonomo,Catalunya,suscripcion,,2011.0
autonomo,Galicia,producto fisico,172,2022.0
administracion,Castilla La Mancha,producto virtual,335,
,Castilla La Mancha,producto fisico,41,2023.0
particular,Navarra,servicio,63,2021.0
autonomo,Castilla y Leon,producto fisico,23,2018.0
empresa,Extremadura,producto fisico,,2024.0
autonomo,Pais Vasco,producto fisico,75,2004.0
particular,Baleares,producto fisico,,
administracion,Cantabria,producto virtual,413.57674927773536,2006.0
autonomo,Asturias,producto virtual,313,2013.0
particular,Catalunya,suscripcion,118,2023.0
,Comunidad Valenciana,servicio,100,2022.0
empresa,Murcia,producto fisico,,2002.0
autonomo,Extremadura,suscripcion,417,2017.0
autonomo,Galicia,suscripcion,,2015.0
particular,Galicia,suscripcion,167,
,,producto virtual,,2018.0
particular,Madrid,producto fisico,440,2018.0
autonomo,Murcia,producto fisico,156,2017.0
empresa,Baleares,servicio,421,2019.0
administracion,Madrid,producto fisico,7,2015.0
administracion,Castilla La Mancha,producto fisico,196,2007.0
particular,Galicia,suscripcion,421,2000.0
particular,Cantabria,servicio,56,2016.0
autonomo,Canarias,producto fisico,321,2011.0
administracion,Catalunya,producto virtual,193,2020.0
particular,Asturias,producto fisico,47,2010.0
empresa,,suscripcion,99.53931825915582,2004.0
empresa,Asturias,producto virtual,275,2011.0
particular,Navarra,suscripcion,157,2016.0
particular,Andalucia,producto fisico,202,2005.0
administracion,Castilla y Leon,producto virtual,444,2000.0
administracion,,servicio,402,2004.0
autonomo,La Rioja,servicio,476,2024.0
,Canarias,producto virtual,419,2013.0
empresa,Baleares,producto virtual,427,2004.0
empresa,Galicia,suscripcion,495,2021.0
particular,La Rioja,producto virtual,477.24405411470366,2023.0
administracion,Catalunya,,475,2000.0
autonomo,Baleares,producto fisico,126,2017.0
empresa,Aragon,suscripcion,395,2015.0
empresa,Baleares,producto virtual,305,2008.0
autonomo,Aragon,producto virtual,369,2018.0
,Navarra,,294,2021.0
empresa,Aragon,,64,2004.0
empresa,Baleares,producto virtual,325,2001.0
autonomo,,servicio,392,2014.0
empresa,Castilla y Leon,servicio,418,2006.0
particular,Comunidad Valenciana,,176,2003.0
particular,Galicia,suscripcion,116,2000.0
autonomo,,servicio,440,2012.0
administracion,Madrid,suscripcion,204,2019.0
autonomo,Castilla La Mancha,producto virtual,486,2021.0
autonomo,,servicio,321,2006.0
administracion,Andalucia,producto fisico,31,2014.0
administracion,Asturias,producto fisico,388,2022.0
administracion,Castilla La Mancha,producto fisico,113,2013.0
particular,Baleares,servicio,365,2022.0
empresa,Pais Vasco,suscripcion,434,2018.0
particular,Comunidad Valenciana,producto virtual,325,2021.0
empresa,,,414,2023.0
particular,Murcia,,376,
,Murcia,producto virtual,344,2023.0
,Aragon,producto virtual,443,2017.0
,Canarias,servicio,67,2009.0
autonomo,,servicio,75,2008.0
particular,Cantabria,servicio,45,2024.0
empresa,Madrid,servicio,260,2007.0
administracion,Catalunya,servicio,419.60506166376143,2009.0
particular,Navarra,,,2016.0
particular,Murcia,suscripcion,430,2001.0
administracion,Castilla y Leon,servicio,363,2005.0
,,servicio,448,2004.0
autonomo,Castilla y Leon,suscripcion,475,2008.0
particular,Cantabria,servicio,234,2004.0
autonomo,La Rioja,suscripcion,51,2017.0
autonomo,Aragon,suscripcion,306,2019.0
administracion,Asturias,producto virtual,262,2008.0
particular,Canarias,producto fisico,315,2016.0
administracion,Canarias,producto virtual,125,2016.0
particular,Andalucia,producto fisico,399,2011.0
particular,Castilla La Mancha,producto fisico,245,2006.0
empresa,Galicia,producto fisico,370.41122688964293,2002.0
particular,Baleares,servicio,426,
administracion,Madrid,producto virtual,485,2001.0
autonomo,Navarra,producto fisico,122,2024.0
particular,Extremadura,suscripcion,,2002.0
empresa,Comunidad Valenciana,servicio,37,2015.0
administracion,Asturias,producto virtual,170,2001.0
particular,Murcia,producto fisico,,2023.0
administracion,Pais Vasco,suscripcion,357,2009.0
empresa,Comunidad Valenciana,producto virtual,35,2005.0
empresa,Comunidad Valenciana,,87,2021.0
administracion,Galicia,servicio,134,2010.0
particular,Catalunya,producto virtual,196,2022.0
autonomo,,servicio,274,2006.0
empresa,Canarias,,201,2014.0
particular,Castilla La Mancha,servicio,369,2005.0
particular,Extremadura,suscripcion,,2019.0
autonomo,Galicia,servicio,77,2008.0
empresa,Andalucia,suscripcion,59,2021.0
,Extremadura,servicio,431,
particular,Canarias,producto virtual,126,2011.0
particular,Navarra,producto fisico,500,2018.0
autonomo,Canarias,suscripcion,,2019.0
autonomo,Galicia,servicio,109,
,Canarias,servicio,224,
administracion,La Rioja,servicio,496,2001.0
,La Rioja,producto virtual,278,2020.0
particular,Galicia,producto virtual,68,2001.0
empresa,Navarra,,69,2021.0
administracion,Navarra,suscripcion,165,2002.0
autonomo,Cantabria,producto virtual,489,2005.0
administracion,,suscripcion,305,2014.0
administracion,,producto fisico,,
administracion,Aragon,producto fisico,,2008.0
autonomo,Catalunya,producto virtual,365,2000.0
administracion,Canarias,suscripcion,342,2015.0
administracion,Andalucia,servicio,309,2005.0
administracion,Asturias,producto fisico,379,2008.0
particular,Cantabria,producto virtual,343,2003.0
administracion,,suscripcion,,2001.0
,Canarias,producto virtual,387,2003.0
administracion,Andalucia,servicio,42,2000.0
administracion,La Rioja,producto fisico,354,2018.0
autonomo,Murcia,,416,2024.0
,Galicia,producto virtual,109,2009.0
autonomo,Comunidad Valenciana,producto virtual,51,2020.0
,Extremadura,servicio,250,2014.0
autonomo,Aragon,producto virtual,497,2021.0
administracion,Castilla y Leon,servicio,341,2018.0
administracion,Navarra,servicio,430,2015.0
particular,Extremadura,servicio,383,2020.0
particular,,producto fisico,492,2023.0
administracion,Cantabria,producto fisico,,2021.0
administracion,Madrid,producto virtual,300,2003.0
empresa,Pais Vasco,producto virtual,139,2001.0
